id,username,language,email
1,Alex,Deutsch,alex@gmail.com
4,Harry,русский,harry@gmail.com
6,Rachel,русский,rachel@outlook.com
7,Oskar,русский,oskar@hotmail.co.uk
18,Sofia,Deutsch,sofia@gmail.com
10,Bob,русский,email@email.com
611,Bob2,Français,asd@gnp.com
612,asd,Deutsch,asd@gnp.com
2,Test,English,email@email.com
613,New2,English,new@new.com
20,Newbe,English,new@new.com
614,Testing2,Deutsch,test@test.com
605,NewTestUser,Français,new@testuser.com
615,RegesteringGermanUser,Deutsch,german@german.de
616,FinalTestUser,English,final@test.user
